Workbook

Sheet Klantgegevens_A
A1: Naam | B1: Klantnummer | C1: Geboortedatum | D1: Straat | E1: Nummer | F1: gemeente | G1: Aantal_volwassenen_in_gezin | H1: Aantal_kinderen_in_gezin | I1: Totale_wekelijkse_uitgaven | J1: Bezoekfrequentie | K1: Betaalwijze | L1: Tevredenheid | M1: Dieet | N1: Achternaam | O1: Voornaam | P1: Bezoeken per maand | Q1: Tevredenheidsniveau
A2: Verhelst, Francis | B2: 2715381943 | C2: 28/04/1975 | D2: Waterstraat | E2: 57 | F2: Diepenbeek | G2: 2 | H2: 1 | I2: 86.62 | J2: Zelden | K2: Payconiq | L2: 7.31 | M2: Geen dieet | N2: =LEFT(A2, FIND(",", A2)-1) -> Verhelst | O2: =MID(A2, FIND(",", A2)+2, LEN(A2)) -> Francis | P2: =SWITCH(J2, "Zelden", 1, "Af en toe", 4, "Regelmatig", 8, "Vaak", 12) -> #NAME? | Q2: =IF(L2>=7, "Tevreden", "Ontevreden") -> Tevreden
A3: De laet, Ona | B3: 5412368555 | C3: 07/05/1984 | D3: Sint-jozefstraat | E3: 92 | F3: Genk | G3: 2 | H3: 2 | I3: 172.58 | J3: Af en toe | K3: Bancontact | L3: 6.95 | M3: Geen dieet | N3: =LEFT(A3, FIND(",", A3)-1) -> De laet | O3: =MID(A3, FIND(",", A3)+2, LEN(A3)) -> Ona | P3: =SWITCH(J3, "Zelden", 1, "Af en toe", 4, "Regelmatig", 8, "Vaak", 12) -> #NAME? | Q3: =IF(L3>=7, "Tevreden", "Ontevreden") -> Ontevreden
A4: Buelens, Dominique | B4: 3807023629 | C4: 21/01/1957 | D4: Onderbergen | E4: 50 | F4: Herten | G4: 2 | H4: 0 | I4: 70.93 | J4: Af en toe | K4: Bancontact | L4: 8.7 | M4: Vegetarisch | N4: =LEFT(A4, FIND(",", A4)-1) -> Buelens | O4: =MID(A4, FIND(",", A4)+2, LEN(A4)) -> Dominique | P4: =SWITCH(J4, "Zelden", 1, "Af en toe", 4, "Regelmatig", 8, "Vaak", 12) -> #NAME? | Q4: =IF(L4>=7, "Tevreden", "Ontevreden") -> Tevreden
A5: Dierickx, Mario | B5: 4478013249 | C5: 06/01/1962 | D5: Zieklien | E5: 42 | F5: Gingelom | G5: 5 | H5: 0 | I5: 173.04 | J5: Zelden | K5: Payconiq | L5: 6.91 | M5: Geen dieet | N5: =LEFT(A5, FIND(",", A5)-1) -> Dierickx | O5: =MID(A5, FIND(",", A5)+2, LEN(A5)) -> Mario | P5: =SWITCH(J5, "Zelden", 1, "Af en toe", 4, "Regelmatig", 8, "Vaak", 12) -> #NAME? | Q5: =IF(L5>=7, "Tevreden", "Ontevreden") -> Ontevreden
A6: Wellens, Anna | B6: 6113079810 | C6: 05/12/1983 | D6: Stropkaai | E6: 37 | F6: Lanaken | G6: 2 | H6: 0 | I6: 45.85 | J6: Af en toe | K6: Bancontact | L6: 7.3 | M6: Geen dieet | N6: =LEFT(A6, FIND(",", A6)-1) -> Wellens | O6: =MID(A6, FIND(",", A6)+2, LEN(A6)) -> Anna | P6: =SWITCH(J6, "Zelden", 1, "Af en toe", 4, "Regelmatig", 8, "Vaak", 12) -> #NAME? | Q6: =IF(L6>=7, "Tevreden", "Ontevreden") -> Tevreden
A7: Van de walle, Guido | B7: 7724386364 | C7: 30/10/1985 | D7: Vlasmarkt | E7: 68 | F7: Bilzen | G7: 2 | H7: 4 | I7: 220.16 | J7: Dagelijks | K7: Payconiq | L7: 6.3 | M7: Geen dieet | N7: =LEFT(A7, FIND(",", A7)-1) -> Van de walle | O7: =MID(A7, FIND(",", A7)+2, LEN(A7)) -> Guido | P7: =SWITCH(J7, "Zelden", 1, "Af en toe", 4, "Regelmatig", 8, "Vaak", 12) -> #NAME? | Q7: =IF(L7>=7, "Tevreden", "Ontevreden") -> Ontevreden
A8: Peeters, Frank | B8: 6652637488 | C8: 24/08/1949 | D8: Goedlevenstraat | E8: 47 | F8: Sint-Truiden | G8: 1 | H8: 0 | I8: 20.47 | J8: Vaak | K8: Payconiq | L8: 7.18 | M8: Geen dieet | N8: =LEFT(A8, FIND(",", A8)-1) -> Peeters | O8: =MID(A8, FIND(",", A8)+2, LEN(A8)) -> Frank | P8: =SWITCH(J8, "Zelden", 1, "Af en toe", 4, "Regelmatig", 8, "Vaak", 12) -> #NAME? | Q8: =IF(L8>=7, "Tevreden", "Ontevreden") -> Tevreden
A9: Vermeulen, Leon | B9: 9927674896 | C9: 12/11/1990 | D9: Sint-annaplein | E9: 12 | F9: Hoeselt | G9: 2 | H9: 2 | I9: 98.99 | J9: Dagelijks | K9: Cash | L9: 7.26 | M9: Geen dieet | N9: =LEFT(A9, FIND(",", A9)-1) -> Vermeulen | O9: =MID(A9, FIND(",", A9)+2, LEN(A9)) -> Leon | P9: =SWITCH(J9, "Zelden", 1, "Af en toe", 4, "Regelmatig", 8, "Vaak", 12) -> #NAME? | Q9: =IF(L9>=7, "Tevreden", "Ontevreden") -> Tevreden
A10: Willems, Didier | B10: 8619085213 | C10: 26/08/1956 | D10: Onderstraat | E10: 7 | F10: Halen | G10: 1 | H10: 3 | I10: 141.32 | J10: Dagelijks | K10: Payconiq | L10: 7.6 | M10: Vegetarisch | N10: =LEFT(A10, FIND(",", A10)-1) -> Willems | O10: =MID(A10, FIND(",", A10)+2, LEN(A10)) -> Didier | P10: =SWITCH(J10, "Zelden", 1, "Af en toe", 4, "Regelmatig", 8, "Vaak", 12) -> #NAME? | Q10: =IF(L10>=7, "Tevreden", "Ontevreden") -> Tevreden
A11: Peeters, José | B11: 7519640151 | C11: 24/10/1963 | D11: Pilorijnstraat | E11: 6 | F11: Maasmechelen | G11: 1 | H11: 0 | I11: 76.4 | J11: Vaak | K11: Bancontact | L11: 7.71 | M11: Geen dieet | N11: =LEFT(A11, FIND(",", A11)-1) -> Peeters | O11: =MID(A11, FIND(",", A11)+2, LEN(A11)) -> José | P11: =SWITCH(J11, "Zelden", 1, "Af en toe", 4, "Regelmatig", 8, "Vaak", 12) -> #NAME? | Q11: =IF(L11>=7, "Tevreden", "Ontevreden") -> Tevreden
A12: Bauwens, Micheline | B12: 923969979 | C12: 29/03/1970 | D12: Kasteellaan | E12: 38 | F12: Herten | G12: 1 | H12: 2 | I12: 207.88 | J12: Dagelijks | K12: Bancontact | L12: 6.43 | M12: Geen dieet | N12: =LEFT(A12, FIND(",", A12)-1) -> Bauwens | O12: =MID(A12, FIND(",", A12)+2, LEN(A12)) -> Micheline | P12: =SWITCH(J12, "Zelden", 1, "Af en toe", 4, "Regelmatig", 8, "Vaak", 12) -> #NAME? | Q12: =IF(L12>=7, "Tevreden", "Ontevreden") -> Ontevreden
A13: Schepers, Alexandra | B13: 2659942039 | C13: 18/07/1995 | D13: Ham | E13: 81 | F13: Kanne | G13: 1 | H13: 3 | I13: 29.18 | J13: Af en toe | K13: Bancontact | L13: 6.91 | M13: Geen dieet | N13: =LEFT(A13, FIND(",", A13)-1) -> Schepers | O13: =MID(A13, FIND(",", A13)+2, LEN(A13)) -> Alexandra | P13: =SWITCH(J13, "Zelden", 1, "Af en toe", 4, "Regelmatig", 8, "Vaak", 12) -> #NAME? | Q13: =IF(L13>=7, "Tevreden", "Ontevreden") -> Ontevreden
... A513: Vaes, Stéphan | B513: 7062706078 | C513: 05/01/1957 | D513: Overpoortstraat | E513: 14 | F513: Nieuwerkerken | G513: 2 | H513: 1 | I513: 69.42 | J513: Vaak | K513: Bancontact | L513: 7.15 | M513: Geen dieet | N513: =LEFT(A513, FIND(",", A513)-1) -> Vaes | O513: =MID(A513, FIND(",", A513)+2, LEN(A513)) -> Stéphan | P513: =SWITCH(J513, "Zelden", 1, "Af en toe", 4, "Regelmatig", 8, "Vaak", 12) -> #NAME? | Q513: =IF(L513>=7, "Tevreden", "Ontevreden") -> Tevreden

Sheet Klantgegevens_B
A1: Voornaam | B1: Familienaam | C1: Klantnummer | D1: Geboortedatum | E1: adres | F1: gezinsleden | G1: Totale_wekelijkse_uitgaven | H1: aantal bezoeken per maand | I1: Betaalwijze | J1: Tevreden_over_aanbod | K1: Tevreden_over_versheid | L1: Tevreden_over_winkelvoorraad | M1: Tevreden_over_wachttijden_kassa | N1: Tevreden_over_personeel | O1: Dieet | Q1: Aantal gezinsleden | R1: Bezoeken per maand | S1: Tevredenheid score | T1: Tevredenheidsniveau
A2: Elfie | B2: De vos | C2: 544.87301-63 | D2: 18/07/1973 | E2: Meersstraat 61, 3840 Borgloon | F2: Elfie,Olga,Carl | G2: 163.5 | H2: 4 | I2: Creditcard | J2: nee | K2: nee | L2: nee | M2: ja | N2: ja | O2: Geen dieet | Q2: =LEN(G2)-LEN(SUBSTITUTE(G2,",",""))+1 -> 1 | R2: =SWITCH(I2, "Zelden", 1, "Af en toe", 4, "Regelmatig", 8, "Vaak", 12) -> #NAME? | S2: =AVERAGE(--(K2="ja"), --(L2="ja"), --(M2="ja"), --(N2="ja"), --(O2="ja"))*10 -> 4 | T2: =IF(S2>=7, "Tevreden", "Ontevreden") -> Ontevreden
A3: Lenn | B3: Vaes | C3: 660.36886-10 | D3: 22/10/1957 | E3: Merelbekestationplein 7, 3620 Lanaken | F3: Lenn,Jakob,Véronique | G3: 156.51 | H3: 7 | I3: Cash | J3: ja | K3: ja | L3: ja | M3: ja | N3: ja | O3: Geen dieet | Q3: =LEN(G3)-LEN(SUBSTITUTE(G3,",",""))+1 -> 1 | R3: =SWITCH(I3, "Zelden", 1, "Af en toe", 4, "Regelmatig", 8, "Vaak", 12) -> #NAME? | S3: =AVERAGE(--(K3="ja"), --(L3="ja"), --(M3="ja"), --(N3="ja"), --(O3="ja"))*10 -> 8 | T3: =IF(S3>=7, "Tevreden", "Ontevreden") -> Tevreden
A4: Wendy | B4: Houben | C4: 650.78215-45 | D4: 21/11/1999 | E4: Jan Delvinlaan 37, 3800 Sint-Truiden | F4: Wendy,Biagio,Arthur,Vilmos,Tifany | G4: 190.86 | H4: 17 | I4: Bancontact | J4: ja | K4: ja | L4: ja | M4: ja | N4: ja | O4: Geen dieet | Q4: =LEN(G4)-LEN(SUBSTITUTE(G4,",",""))+1 -> 1 | R4: =SWITCH(I4, "Zelden", 1, "Af en toe", 4, "Regelmatig", 8, "Vaak", 12) -> #NAME? | S4: =AVERAGE(--(K4="ja"), --(L4="ja"), --(M4="ja"), --(N4="ja"), --(O4="ja"))*10 -> 8 | T4: =IF(S4>=7, "Tevreden", "Ontevreden") -> Tevreden
A5: Jade | B5: Swinnen | C5: 247.57551-14 | D5: 23/03/1996 | E5: Bredestraat 27, 3500 Hasselt | F5: Jade,Amelie | G5: 53.51 | H5: 12 | I5: Cash | J5: ja | K5: ja | L5: ja | M5: ja | N5: ja | O5: Geen dieet | Q5: =LEN(G5)-LEN(SUBSTITUTE(G5,",",""))+1 -> 1 | R5: =SWITCH(I5, "Zelden", 1, "Af en toe", 4, "Regelmatig", 8, "Vaak", 12) -> #NAME? | S5: =AVERAGE(--(K5="ja"), --(L5="ja"), --(M5="ja"), --(N5="ja"), --(O5="ja"))*10 -> 8 | T5: =IF(S5>=7, "Tevreden", "Ontevreden") -> Tevreden
A6: Catalina | B6: Janssen | C6: 518.72078-76 | D6: 23/01/1974 | E6: Jacob Van Arteveldestraat 10, 3930 Hamont-Achel | F6: Catalina,Matias | G6: 36.89 | H6: 5 | I6: Payconiq | J6: ja | K6: ja | L6: ja | M6: ja | N6: ja | O6: Geen dieet | Q6: =LEN(G6)-LEN(SUBSTITUTE(G6,",",""))+1 -> 1 | R6: =SWITCH(I6, "Zelden", 1, "Af en toe", 4, "Regelmatig", 8, "Vaak", 12) -> #NAME? | S6: =AVERAGE(--(K6="ja"), --(L6="ja"), --(M6="ja"), --(N6="ja"), --(O6="ja"))*10 -> 8 | T6: =IF(S6>=7, "Tevreden", "Ontevreden") -> Tevreden
A7: Maria | B7: Dierckx | C7: 781.97644-15 | D7: 09/08/1954 | E7: Oudekouter 65, 3600 Genk | F7: Maria,Leana | G7: 128.06 | H7: 7 | I7: Payconiq | J7: nee | K7: ja | L7: ja | M7: ja | N7: nee | O7: Geen dieet | Q7: =LEN(G7)-LEN(SUBSTITUTE(G7,",",""))+1 -> 1 | R7: =SWITCH(I7, "Zelden", 1, "Af en toe", 4, "Regelmatig", 8, "Vaak", 12) -> #NAME? | S7: =AVERAGE(--(K7="ja"), --(L7="ja"), --(M7="ja"), --(N7="ja"), --(O7="ja"))*10 -> 6 | T7: =IF(S7>=7, "Tevreden", "Ontevreden") -> Ontevreden
A8: Généviève | B8: Heymans | C8: 191.99640-65 | D8: 30/11/2005 | E8: Blazoenstraat 1, 3630 Maasmechelen | F8: Généviève,Karel,Pascal,Tom | G8: 169.77 | H8: 15 | I8: Payconiq | J8: ja | K8: ja | L8: ja | M8: nee | N8: ja | O8: Geen dieet | Q8: =LEN(G8)-LEN(SUBSTITUTE(G8,",",""))+1 -> 1 | R8: =SWITCH(I8, "Zelden", 1, "Af en toe", 4, "Regelmatig", 8, "Vaak", 12) -> #NAME? | S8: =AVERAGE(--(K8="ja"), --(L8="ja"), --(M8="ja"), --(N8="ja"), --(O8="ja"))*10 -> 6 | T8: =IF(S8>=7, "Tevreden", "Ontevreden") -> Ontevreden
A9: Hugo | B9: Moreau | C9: 753.57915-21 | D9: 20/01/1988 | E9: Pilorijnstraat 31, 3891 Meilen | F9: Hugo,Cecilia | G9: 140.42 | H9: 6 | I9: Cash | J9: nee | K9: ja | L9: nee | M9: nee | N9: nee | O9: Geen dieet | Q9: =LEN(G9)-LEN(SUBSTITUTE(G9,",",""))+1 -> 1 | R9: =SWITCH(I9, "Zelden", 1, "Af en toe", 4, "Regelmatig", 8, "Vaak", 12) -> #NAME? | S9: =AVERAGE(--(K9="ja"), --(L9="ja"), --(M9="ja"), --(N9="ja"), --(O9="ja"))*10 -> 2 | T9: =IF(S9>=7, "Tevreden", "Ontevreden") -> Ontevreden
A10: Jozef | B10: Lemmens | C10: 292.33788-95 | D10: 02/02/2000 | E10: Voorhoutkaai 4, 3545 Halen | F10: Jozef,Jeff | G10: 113.21 | H10: 11 | I10: Payconiq | J10: ja | K10: nee | L10: ja | M10: ja | N10: ja | O10: Geen dieet | Q10: =LEN(G10)-LEN(SUBSTITUTE(G10,",",""))+1 -> 1 | R10: =SWITCH(I10, "Zelden", 1, "Af en toe", 4, "Regelmatig", 8, "Vaak", 12) -> #NAME? | S10: =AVERAGE(--(K10="ja"), --(L10="ja"), --(M10="ja"), --(N10="ja"), --(O10="ja"))*10 -> 6 | T10: =IF(S10>=7, "Tevreden", "Ontevreden") -> Ontevreden
A11: Jan | B11: Etienne | C11: 97.23464-86 | D11: 20/07/1988 | E11: Brugstraat 51, 3500 Hasselt | F11: Jan,Hatice,Maria,Youssef | G11: 199.74 | H11: 16 | I11: Bancontact | J11: ja | K11: ja | L11: ja | M11: ja | N11: ja | O11: Geen dieet | Q11: =LEN(G11)-LEN(SUBSTITUTE(G11,",",""))+1 -> 1 | R11: =SWITCH(I11, "Zelden", 1, "Af en toe", 4, "Regelmatig", 8, "Vaak", 12) -> #NAME? | S11: =AVERAGE(--(K11="ja"), --(L11="ja"), --(M11="ja"), --(N11="ja"), --(O11="ja"))*10 -> 8 | T11: =IF(S11>=7, "Tevreden", "Ontevreden") -> Tevreden
A12: Tony | B12: Lecomte | C12: 312.55101-85 | D12: 05/04/1962 | E12: Eendrachtstraat 72, 3600 Genk | F12: Tony,Abdelatif,Vittorio,Boudewijn | G12: 49.87 | H12: 11 | I12: Payconiq | J12: ja | K12: ja | L12: ja | M12: ja | N12: nee | O12: Geen dieet | Q12: =LEN(G12)-LEN(SUBSTITUTE(G12,",",""))+1 -> 1 | R12: =SWITCH(I12, "Zelden", 1, "Af en toe", 4, "Regelmatig", 8, "Vaak", 12) -> #NAME? | S12: =AVERAGE(--(K12="ja"), --(L12="ja"), --(M12="ja"), --(N12="ja"), --(O12="ja"))*10 -> 6 | T12: =IF(S12>=7, "Tevreden", "Ontevreden") -> Ontevreden
A13: Ruth | B13: De bruyn | C13: 164.51453-79 | D13: 26/01/1974 | E13: Luxemburgstraat 25, 3831 Herten | F13: Ruth,Brigitte | G13: 128.28 | H13: 6 | I13: Bancontact | J13: nee | K13: nee | L13: ja | M13: nee | N13: ja | O13: Vegetarisch | Q13: =LEN(G13)-LEN(SUBSTITUTE(G13,",",""))+1 -> 1 | R13: =SWITCH(I13, "Zelden", 1, "Af en toe", 4, "Regelmatig", 8, "Vaak", 12) -> #NAME? | S13: =AVERAGE(--(K13="ja"), --(L13="ja"), --(M13="ja"), --(N13="ja"), --(O13="ja"))*10 -> 4 | T13: =IF(S13>=7, "Tevreden", "Ontevreden") -> Ontevreden
... A699: Luc | B699: Adam | C699: 59.63713-17 | D699: 27/09/2002 | E699: Maisstraat 26, 3970 Leopoldsburg | F699: Luc,Larissa,Sylvie,Jozef | G699: 162.25 | H699: 19 | I699: Payconiq | J699: ja | K699: ja | L699: nee | M699: ja | N699: ja | O699: Veganistisch | Q699: =LEN(G699)-LEN(SUBSTITUTE(G699,",",""))+1 -> 1 | R699: =SWITCH(I699, "Zelden", 1, "Af en toe", 4, "Regelmatig", 8, "Vaak", 12) -> #NAME? | S699: =AVERAGE(--(K699="ja"), --(L699="ja"), --(M699="ja"), --(N699="ja"), --(O699="ja"))*10 -> 6 | T699: =IF(S699>=7, "Tevreden", "Ontevreden") -> Ontevreden

Sheet Merged_With_Formulas
A1: Voornaam | B1: Familienaam | C1: Naam (gecombineerd) | D1: adres (gecombineerd) | E1: gezinsleden | F1: Aantal volwassenen | G1: Aantal kinderen | H1: Totale_wekelijkse_uitgaven | I1: aantal bezoeken per maand | J1: Betaalwijze | K1: Tevredenheid Score | L1: Tevreden_over_aanbod | M1: Tevreden_over_versheid | N1: Tevreden_over_winkelvoorraad | O1: Tevreden_over_wachttijden_kassa | P1: Tevreden_over_personeel | Q1: Dieet | R1: Bron
A2: =IF(Klantgegevens_B!A2<>"", Klantgegevens_B!A2, MID(Klantgegevens_A!A2, FIND(",", Klantgegevens_A!A2)+2, LEN(Klantgegevens_A!A2))) -> Elfie | B2: =IF(Klantgegevens_B!B2<>"", Klantgegevens_B!B2, LEFT(Klantgegevens_A!A2, FIND(",", Klantgegevens_A!A2)-1)) -> De vos | C2: =C2 & ", " & B2 | D2: =IF(Klantgegevens_B!F2<>"", Klantgegevens_B!F2, Klantgegevens_A!D2 & " " & Klantgegevens_A!E2 & ", " & Klantgegevens_A!F2) -> Elfie,Olga,Carl | E2: =IF(Klantgegevens_B!G2<>"", Klantgegevens_B!G2, TEXTJOIN(",", TRUE, REPT("Volwassene,", Klantgegevens_A!G2), REPT("Kind,", Klantgegevens_A!H2))) -> 163.5 | F2: =IF(Klantgegevens_B!G2<>"", LEN(Klantgegevens_B!G2)-LEN(SUBSTITUTE(Klantgegevens_B!G2, ",", ""))+1, Klantgegevens_A!G2) -> 1 | G2: =IF(Klantgegevens_B!G2<>"", 0, Klantgegevens_A!H2) -> 0 | H2: =IF(Klantgegevens_B!H2<>"", Klantgegevens_B!H2, Klantgegevens_A!I2) -> 4 | I2: =IF(Klantgegevens_B!I2<>"", Klantgegevens_B!I2, SWITCH(Klantgegevens_A!J2, "Zelden", 1, "Af en toe", 4, "Regelmatig", 8, "Vaak", 12)) -> Creditcard | J2: =IF(Klantgegevens_B!J2<>"", Klantgegevens_B!J2, Klantgegevens_A!K2) -> nee | K2: =IF(Klantgegevens_B!K2<>"", AVERAGE(--(Klantgegevens_B!K2="ja"), --(Klantgegevens_B!L2="ja"), --(Klantgegevens_B!M2="ja"), --(Klantgegevens_B!N2="ja"), --(Klantgegevens_B!O2="ja"))*10, Klantgegevens_A!L2) -> 4 | L2: =IF(Klantgegevens_B!K2<>"", Klantgegevens_B!K2, IF(Klantgegevens_A!L2>=7, "ja", "nee")) -> nee | M2: =IF(Klantgegevens_B!L2<>"", Klantgegevens_B!L2, IF(Klantgegevens_A!L2>=7, "ja", "nee")) -> nee | N2: =IF(Klantgegevens_B!M2<>"", Klantgegevens_B!M2, IF(Klantgegevens_A!L2>=7, "ja", "nee")) -> ja | O2: =IF(Klantgegevens_B!N2<>"", Klantgegevens_B!N2, IF(Klantgegevens_A!L2>=7, "ja", "nee")) -> ja | P2: =IF(Klantgegevens_B!O2<>"", Klantgegevens_B!O2, IF(Klantgegevens_A!L2>=7, "ja", "nee")) -> Geen dieet | Q2: =IF(Klantgegevens_B!P2<>"", Klantgegevens_B!P2, Klantgegevens_A!M2) -> Geen dieet | R2: =IF(Klantgegevens_B!A2<>"", "B", "A") -> B
A3: =IF(Klantgegevens_B!A2<>"", Klantgegevens_B!A2, MID(Klantgegevens_A!A2, FIND(",", Klantgegevens_A!A2)+2, LEN(Klantgegevens_A!A2))) -> Elfie | B3: =IF(Klantgegevens_B!B2<>"", Klantgegevens_B!B2, LEFT(Klantgegevens_A!A2, FIND(",", Klantgegevens_A!A2)-1)) -> De vos | C3: =C2 & ", " & B2 | D3: =IF(Klantgegevens_B!F2<>"", Klantgegevens_B!F2, Klantgegevens_A!D2 & " " & Klantgegevens_A!E2 & ", " & Klantgegevens_A!F2) -> Elfie,Olga,Carl | E3: =IF(Klantgegevens_B!G2<>"", Klantgegevens_B!G2, TEXTJOIN(",", TRUE, REPT("Volwassene,", Klantgegevens_A!G2), REPT("Kind,", Klantgegevens_A!H2))) -> 163.5 | F3: =IF(Klantgegevens_B!G2<>"", LEN(Klantgegevens_B!G2)-LEN(SUBSTITUTE(Klantgegevens_B!G2, ",", ""))+1, Klantgegevens_A!G2) -> 1 | G3: =IF(Klantgegevens_B!G2<>"", 0, Klantgegevens_A!H2) -> 0 | H3: =IF(Klantgegevens_B!H2<>"", Klantgegevens_B!H2, Klantgegevens_A!I2) -> 4 | I3: =IF(Klantgegevens_B!I2<>"", Klantgegevens_B!I2, SWITCH(Klantgegevens_A!J2, "Zelden", 1, "Af en toe", 4, "Regelmatig", 8, "Vaak", 12)) -> Creditcard | J3: =IF(Klantgegevens_B!J2<>"", Klantgegevens_B!J2, Klantgegevens_A!K2) -> nee | K3: =IF(Klantgegevens_B!K2<>"", AVERAGE(--(Klantgegevens_B!K2="ja"), --(Klantgegevens_B!L2="ja"), --(Klantgegevens_B!M2="ja"), --(Klantgegevens_B!N2="ja"), --(Klantgegevens_B!O2="ja"))*10, Klantgegevens_A!L2) -> 4 | L3: =IF(Klantgegevens_B!K2<>"", Klantgegevens_B!K2, IF(Klantgegevens_A!L2>=7, "ja", "nee")) -> nee | M3: =IF(Klantgegevens_B!L2<>"", Klantgegevens_B!L2, IF(Klantgegevens_A!L2>=7, "ja", "nee")) -> nee | N3: =IF(Klantgegevens_B!M2<>"", Klantgegevens_B!M2, IF(Klantgegevens_A!L2>=7, "ja", "nee")) -> ja | O3: =IF(Klantgegevens_B!N2<>"", Klantgegevens_B!N2, IF(Klantgegevens_A!L2>=7, "ja", "nee")) -> ja | P3: =IF(Klantgegevens_B!O2<>"", Klantgegevens_B!O2, IF(Klantgegevens_A!L2>=7, "ja", "nee")) -> Geen dieet | Q3: =IF(Klantgegevens_B!P2<>"", Klantgegevens_B!P2, Klantgegevens_A!M2) -> Geen dieet | R3: =IF(Klantgegevens_B!A2<>"", "B", "A") -> B
A4: =IF(Klantgegevens_B!A3<>"", Klantgegevens_B!A3, MID(Klantgegevens_A!A3, FIND(",", Klantgegevens_A!A3)+2, LEN(Klantgegevens_A!A3))) -> Lenn | B4: =IF(Klantgegevens_B!B3<>"", Klantgegevens_B!B3, LEFT(Klantgegevens_A!A3, FIND(",", Klantgegevens_A!A3)-1)) -> Vaes | C4: =C3 & ", " & B3 | D4: =IF(Klantgegevens_B!F3<>"", Klantgegevens_B!F3, Klantgegevens_A!D3 & " " & Klantgegevens_A!E3 & ", " & Klantgegevens_A!F3) -> Lenn,Jakob,Véronique | E4: =IF(Klantgegevens_B!G3<>"", Klantgegevens_B!G3, TEXTJOIN(",", TRUE, REPT("Volwassene,", Klantgegevens_A!G3), REPT("Kind,", Klantgegevens_A!H3))) -> 156.51 | F4: =IF(Klantgegevens_B!G3<>"", LEN(Klantgegevens_B!G3)-LEN(SUBSTITUTE(Klantgegevens_B!G3, ",", ""))+1, Klantgegevens_A!G3) -> 1 | G4: =IF(Klantgegevens_B!G3<>"", 0, Klantgegevens_A!H3) -> 0 | H4: =IF(Klantgegevens_B!H3<>"", Klantgegevens_B!H3, Klantgegevens_A!I3) -> 7 | I4: =IF(Klantgegevens_B!I3<>"", Klantgegevens_B!I3, SWITCH(Klantgegevens_A!J3, "Zelden", 1, "Af en toe", 4, "Regelmatig", 8, "Vaak", 12)) -> Cash | J4: =IF(Klantgegevens_B!J3<>"", Klantgegevens_B!J3, Klantgegevens_A!K3) -> ja | K4: =IF(Klantgegevens_B!K3<>"", AVERAGE(--(Klantgegevens_B!K3="ja"), --(Klantgegevens_B!L3="ja"), --(Klantgegevens_B!M3="ja"), --(Klantgegevens_B!N3="ja"), --(Klantgegevens_B!O3="ja"))*10, Klantgegevens_A!L3) -> 8 | L4: =IF(Klantgegevens_B!K3<>"", Klantgegevens_B!K3, IF(Klantgegevens_A!L3>=7, "ja", "nee")) -> ja | M4: =IF(Klantgegevens_B!L3<>"", Klantgegevens_B!L3, IF(Klantgegevens_A!L3>=7, "ja", "nee")) -> ja | N4: =IF(Klantgegevens_B!M3<>"", Klantgegevens_B!M3, IF(Klantgegevens_A!L3>=7, "ja", "nee")) -> ja | O4: =IF(Klantgegevens_B!N3<>"", Klantgegevens_B!N3, IF(Klantgegevens_A!L3>=7, "ja", "nee")) -> ja | P4: =IF(Klantgegevens_B!O3<>"", Klantgegevens_B!O3, IF(Klantgegevens_A!L3>=7, "ja", "nee")) -> Geen dieet | Q4: =IF(Klantgegevens_B!P3<>"", Klantgegevens_B!P3, Klantgegevens_A!M3) -> Geen dieet | R4: =IF(Klantgegevens_B!A3<>"", "B", "A") -> B
A5: =IF(Klantgegevens_B!A4<>"", Klantgegevens_B!A4, MID(Klantgegevens_A!A4, FIND(",", Klantgegevens_A!A4)+2, LEN(Klantgegevens_A!A4))) -> Wendy | B5: =IF(Klantgegevens_B!B4<>"", Klantgegevens_B!B4, LEFT(Klantgegevens_A!A4, FIND(",", Klantgegevens_A!A4)-1)) -> Houben | C5: =C4 & ", " & B4 | D5: =IF(Klantgegevens_B!F4<>"", Klantgegevens_B!F4, Klantgegevens_A!D4 & " " & Klantgegevens_A!E4 & ", " & Klantgegevens_A!F4) -> Wendy,Biagio,Arthur,Vilmos,Tifany | E5: =IF(Klantgegevens_B!G4<>"", Klantgegevens_B!G4, TEXTJOIN(",", TRUE, REPT("Volwassene,", Klantgegevens_A!G4), REPT("Kind,", Klantgegevens_A!H4))) -> 190.86 | F5: =IF(Klantgegevens_B!G4<>"", LEN(Klantgegevens_B!G4)-LEN(SUBSTITUTE(Klantgegevens_B!G4, ",", ""))+1, Klantgegevens_A!G4) -> 1 | G5: =IF(Klantgegevens_B!G4<>"", 0, Klantgegevens_A!H4) -> 0 | H5: =IF(Klantgegevens_B!H4<>"", Klantgegevens_B!H4, Klantgegevens_A!I4) -> 17 | I5: =IF(Klantgegevens_B!I4<>"", Klantgegevens_B!I4, SWITCH(Klantgegevens_A!J4, "Zelden", 1, "Af en toe", 4, "Regelmatig", 8, "Vaak", 12)) -> Bancontact | J5: =IF(Klantgegevens_B!J4<>"", Klantgegevens_B!J4, Klantgegevens_A!K4) -> ja | K5: =IF(Klantgegevens_B!K4<>"", AVERAGE(--(Klantgegevens_B!K4="ja"), --(Klantgegevens_B!L4="ja"), --(Klantgegevens_B!M4="ja"), --(Klantgegevens_B!N4="ja"), --(Klantgegevens_B!O4="ja"))*10, Klantgegevens_A!L4) -> 8 | L5: =IF(Klantgegevens_B!K4<>"", Klantgegevens_B!K4, IF(Klantgegevens_A!L4>=7, "ja", "nee")) -> ja | M5: =IF(Klantgegevens_B!L4<>"", Klantgegevens_B!L4, IF(Klantgegevens_A!L4>=7, "ja", "nee")) -> ja | N5: =IF(Klantgegevens_B!M4<>"", Klantgegevens_B!M4, IF(Klantgegevens_A!L4>=7, "ja", "nee")) -> ja | O5: =IF(Klantgegevens_B!N4<>"", Klantgegevens_B!N4, IF(Klantgegevens_A!L4>=7, "ja", "nee")) -> ja | P5: =IF(Klantgegevens_B!O4<>"", Klantgegevens_B!O4, IF(Klantgegevens_A!L4>=7, "ja", "nee")) -> Geen dieet | Q5: =IF(Klantgegevens_B!P4<>"", Klantgegevens_B!P4, Klantgegevens_A!M4) -> Vegetarisch | R5: =IF(Klantgegevens_B!A4<>"", "B", "A") -> B
A6: =IF(Klantgegevens_B!A5<>"", Klantgegevens_B!A5, MID(Klantgegevens_A!A5, FIND(",", Klantgegevens_A!A5)+2, LEN(Klantgegevens_A!A5))) -> Jade | B6: =IF(Klantgegevens_B!B5<>"", Klantgegevens_B!B5, LEFT(Klantgegevens_A!A5, FIND(",", Klantgegevens_A!A5)-1)) -> Swinnen | C6: =C5 & ", " & B5 | D6: =IF(Klantgegevens_B!F5<>"", Klantgegevens_B!F5, Klantgegevens_A!D5 & " " & Klantgegevens_A!E5 & ", " & Klantgegevens_A!F5) -> Jade,Amelie | E6: =IF(Klantgegevens_B!G5<>"", Klantgegevens_B!G5, TEXTJOIN(",", TRUE, REPT("Volwassene,", Klantgegevens_A!G5), REPT("Kind,", Klantgegevens_A!H5))) -> 53.51 | F6: =IF(Klantgegevens_B!G5<>"", LEN(Klantgegevens_B!G5)-LEN(SUBSTITUTE(Klantgegevens_B!G5, ",", ""))+1, Klantgegevens_A!G5) -> 1 | G6: =IF(Klantgegevens_B!G5<>"", 0, Klantgegevens_A!H5) -> 0 | H6: =IF(Klantgegevens_B!H5<>"", Klantgegevens_B!H5, Klantgegevens_A!I5) -> 12 | I6: =IF(Klantgegevens_B!I5<>"", Klantgegevens_B!I5, SWITCH(Klantgegevens_A!J5, "Zelden", 1, "Af en toe", 4, "Regelmatig", 8, "Vaak", 12)) -> Cash | J6: =IF(Klantgegevens_B!J5<>"", Klantgegevens_B!J5, Klantgegevens_A!K5) -> ja | K6: =IF(Klantgegevens_B!K5<>"", AVERAGE(--(Klantgegevens_B!K5="ja"), --(Klantgegevens_B!L5="ja"), --(Klantgegevens_B!M5="ja"), --(Klantgegevens_B!N5="ja"), --(Klantgegevens_B!O5="ja"))*10, Klantgegevens_A!L5) -> 8 | L6: =IF(Klantgegevens_B!K5<>"", Klantgegevens_B!K5, IF(Klantgegevens_A!L5>=7, "ja", "nee")) -> ja | M6: =IF(Klantgegevens_B!L5<>"", Klantgegevens_B!L5, IF(Klantgegevens_A!L5>=7, "ja", "nee")) -> ja | N6: =IF(Klantgegevens_B!M5<>"", Klantgegevens_B!M5, IF(Klantgegevens_A!L5>=7, "ja", "nee")) -> ja | O6: =IF(Klantgegevens_B!N5<>"", Klantgegevens_B!N5, IF(Klantgegevens_A!L5>=7, "ja", "nee")) -> ja | P6: =IF(Klantgegevens_B!O5<>"", Klantgegevens_B!O5, IF(Klantgegevens_A!L5>=7, "ja", "nee")) -> Geen dieet | Q6: =IF(Klantgegevens_B!P5<>"", Klantgegevens_B!P5, Klantgegevens_A!M5) -> Geen dieet | R6: =IF(Klantgegevens_B!A5<>"", "B", "A") -> B
A7: =IF(Klantgegevens_B!A6<>"", Klantgegevens_B!A6, MID(Klantgegevens_A!A6, FIND(",", Klantgegevens_A!A6)+2, LEN(Klantgegevens_A!A6))) -> Catalina | B7: =IF(Klantgegevens_B!B6<>"", Klantgegevens_B!B6, LEFT(Klantgegevens_A!A6, FIND(",", Klantgegevens_A!A6)-1)) -> Janssen | C7: =C6 & ", " & B6 | D7: =IF(Klantgegevens_B!F6<>"", Klantgegevens_B!F6, Klantgegevens_A!D6 & " " & Klantgegevens_A!E6 & ", " & Klantgegevens_A!F6) -> Catalina,Matias | E7: =IF(Klantgegevens_B!G6<>"", Klantgegevens_B!G6, TEXTJOIN(",", TRUE, REPT("Volwassene,", Klantgegevens_A!G6), REPT("Kind,", Klantgegevens_A!H6))) -> 36.89 | F7: =IF(Klantgegevens_B!G6<>"", LEN(Klantgegevens_B!G6)-LEN(SUBSTITUTE(Klantgegevens_B!G6, ",", ""))+1, Klantgegevens_A!G6) -> 1 | G7: =IF(Klantgegevens_B!G6<>"", 0, Klantgegevens_A!H6) -> 0 | H7: =IF(Klantgegevens_B!H6<>"", Klantgegevens_B!H6, Klantgegevens_A!I6) -> 5 | I7: =IF(Klantgegevens_B!I6<>"", Klantgegevens_B!I6, SWITCH(Klantgegevens_A!J6, "Zelden", 1, "Af en toe", 4, "Regelmatig", 8, "Vaak", 12)) -> Payconiq | J7: =IF(Klantgegevens_B!J6<>"", Klantgegevens_B!J6, Klantgegevens_A!K6) -> ja | K7: =IF(Klantgegevens_B!K6<>"", AVERAGE(--(Klantgegevens_B!K6="ja"), --(Klantgegevens_B!L6="ja"), --(Klantgegevens_B!M6="ja"), --(Klantgegevens_B!N6="ja"), --(Klantgegevens_B!O6="ja"))*10, Klantgegevens_A!L6) -> 8 | L7: =IF(Klantgegevens_B!K6<>"", Klantgegevens_B!K6, IF(Klantgegevens_A!L6>=7, "ja", "nee")) -> ja | M7: =IF(Klantgegevens_B!L6<>"", Klantgegevens_B!L6, IF(Klantgegevens_A!L6>=7, "ja", "nee")) -> ja | N7: =IF(Klantgegevens_B!M6<>"", Klantgegevens_B!M6, IF(Klantgegevens_A!L6>=7, "ja", "nee")) -> ja | O7: =IF(Klantgegevens_B!N6<>"", Klantgegevens_B!N6, IF(Klantgegevens_A!L6>=7, "ja", "nee")) -> ja | P7: =IF(Klantgegevens_B!O6<>"", Klantgegevens_B!O6, IF(Klantgegevens_A!L6>=7, "ja", "nee")) -> Geen dieet | Q7: =IF(Klantgegevens_B!P6<>"", Klantgegevens_B!P6, Klantgegevens_A!M6) -> Geen dieet | R7: =IF(Klantgegevens_B!A6<>"", "B", "A") -> B
A8: =IF(Klantgegevens_B!A7<>"", Klantgegevens_B!A7, MID(Klantgegevens_A!A7, FIND(",", Klantgegevens_A!A7)+2, LEN(Klantgegevens_A!A7))) -> Maria | B8: =IF(Klantgegevens_B!B7<>"", Klantgegevens_B!B7, LEFT(Klantgegevens_A!A7, FIND(",", Klantgegevens_A!A7)-1)) -> Dierckx | C8: =C7 & ", " & B7 | D8: =IF(Klantgegevens_B!F7<>"", Klantgegevens_B!F7, Klantgegevens_A!D7 & " " & Klantgegevens_A!E7 & ", " & Klantgegevens_A!F7) -> Maria,Leana | E8: =IF(Klantgegevens_B!G7<>"", Klantgegevens_B!G7, TEXTJOIN(",", TRUE, REPT("Volwassene,", Klantgegevens_A!G7), REPT("Kind,", Klantgegevens_A!H7))) -> 128.06 | F8: =IF(Klantgegevens_B!G7<>"", LEN(Klantgegevens_B!G7)-LEN(SUBSTITUTE(Klantgegevens_B!G7, ",", ""))+1, Klantgegevens_A!G7) -> 1 | G8: =IF(Klantgegevens_B!G7<>"", 0, Klantgegevens_A!H7) -> 0 | H8: =IF(Klantgegevens_B!H7<>"", Klantgegevens_B!H7, Klantgegevens_A!I7) -> 7 | I8: =IF(Klantgegevens_B!I7<>"", Klantgegevens_B!I7, SWITCH(Klantgegevens_A!J7, "Zelden", 1, "Af en toe", 4, "Regelmatig", 8, "Vaak", 12)) -> Payconiq | J8: =IF(Klantgegevens_B!J7<>"", Klantgegevens_B!J7, Klantgegevens_A!K7) -> nee | K8: =IF(Klantgegevens_B!K7<>"", AVERAGE(--(Klantgegevens_B!K7="ja"), --(Klantgegevens_B!L7="ja"), --(Klantgegevens_B!M7="ja"), --(Klantgegevens_B!N7="ja"), --(Klantgegevens_B!O7="ja"))*10, Klantgegevens_A!L7) -> 6 | L8: =IF(Klantgegevens_B!K7<>"", Klantgegevens_B!K7, IF(Klantgegevens_A!L7>=7, "ja", "nee")) -> ja | M8: =IF(Klantgegevens_B!L7<>"", Klantgegevens_B!L7, IF(Klantgegevens_A!L7>=7, "ja", "nee")) -> ja | N8: =IF(Klantgegevens_B!M7<>"", Klantgegevens_B!M7, IF(Klantgegevens_A!L7>=7, "ja", "nee")) -> ja | O8: =IF(Klantgegevens_B!N7<>"", Klantgegevens_B!N7, IF(Klantgegevens_A!L7>=7, "ja", "nee")) -> nee | P8: =IF(Klantgegevens_B!O7<>"", Klantgegevens_B!O7, IF(Klantgegevens_A!L7>=7, "ja", "nee")) -> Geen dieet | Q8: =IF(Klantgegevens_B!P7<>"", Klantgegevens_B!P7, Klantgegevens_A!M7) -> Geen dieet | R8: =IF(Klantgegevens_B!A7<>"", "B", "A") -> B
A9: =IF(Klantgegevens_B!A8<>"", Klantgegevens_B!A8, MID(Klantgegevens_A!A8, FIND(",", Klantgegevens_A!A8)+2, LEN(Klantgegevens_A!A8))) -> Généviève | B9: =IF(Klantgegevens_B!B8<>"", Klantgegevens_B!B8, LEFT(Klantgegevens_A!A8, FIND(",", Klantgegevens_A!A8)-1)) -> Heymans | C9: =C8 & ", " & B8 | D9: =IF(Klantgegevens_B!F8<>"", Klantgegevens_B!F8, Klantgegevens_A!D8 & " " & Klantgegevens_A!E8 & ", " & Klantgegevens_A!F8) -> Généviève,Karel,Pascal,Tom | E9: =IF(Klantgegevens_B!G8<>"", Klantgegevens_B!G8, TEXTJOIN(",", TRUE, REPT("Volwassene,", Klantgegevens_A!G8), REPT("Kind,", Klantgegevens_A!H8))) -> 169.77 | F9: =IF(Klantgegevens_B!G8<>"", LEN(Klantgegevens_B!G8)-LEN(SUBSTITUTE(Klantgegevens_B!G8, ",", ""))+1, Klantgegevens_A!G8) -> 1 | G9: =IF(Klantgegevens_B!G8<>"", 0, Klantgegevens_A!H8) -> 0 | H9: =IF(Klantgegevens_B!H8<>"", Klantgegevens_B!H8, Klantgegevens_A!I8) -> 15 | I9: =IF(Klantgegevens_B!I8<>"", Klantgegevens_B!I8, SWITCH(Klantgegevens_A!J8, "Zelden", 1, "Af en toe", 4, "Regelmatig", 8, "Vaak", 12)) -> Payconiq | J9: =IF(Klantgegevens_B!J8<>"", Klantgegevens_B!J8, Klantgegevens_A!K8) -> ja | K9: =IF(Klantgegevens_B!K8<>"", AVERAGE(--(Klantgegevens_B!K8="ja"), --(Klantgegevens_B!L8="ja"), --(Klantgegevens_B!M8="ja"), --(Klantgegevens_B!N8="ja"), --(Klantgegevens_B!O8="ja"))*10, Klantgegevens_A!L8) -> 6 | L9: =IF(Klantgegevens_B!K8<>"", Klantgegevens_B!K8, IF(Klantgegevens_A!L8>=7, "ja", "nee")) -> ja | M9: =IF(Klantgegevens_B!L8<>"", Klantgegevens_B!L8, IF(Klantgegevens_A!L8>=7, "ja", "nee")) -> ja | N9: =IF(Klantgegevens_B!M8<>"", Klantgegevens_B!M8, IF(Klantgegevens_A!L8>=7, "ja", "nee")) -> nee | O9: =IF(Klantgegevens_B!N8<>"", Klantgegevens_B!N8, IF(Klantgegevens_A!L8>=7, "ja", "nee")) -> ja | P9: =IF(Klantgegevens_B!O8<>"", Klantgegevens_B!O8, IF(Klantgegevens_A!L8>=7, "ja", "nee")) -> Geen dieet | Q9: =IF(Klantgegevens_B!P8<>"", Klantgegevens_B!P8, Klantgegevens_A!M8) -> Geen dieet | R9: =IF(Klantgegevens_B!A8<>"", "B", "A") -> B
A10: =IF(Klantgegevens_B!A9<>"", Klantgegevens_B!A9, MID(Klantgegevens_A!A9, FIND(",", Klantgegevens_A!A9)+2, LEN(Klantgegevens_A!A9))) -> Hugo | B10: =IF(Klantgegevens_B!B9<>"", Klantgegevens_B!B9, LEFT(Klantgegevens_A!A9, FIND(",", Klantgegevens_A!A9)-1)) -> Moreau | C10: =C9 & ", " & B9 | D10: =IF(Klantgegevens_B!F9<>"", Klantgegevens_B!F9, Klantgegevens_A!D9 & " " & Klantgegevens_A!E9 & ", " & Klantgegevens_A!F9) -> Hugo,Cecilia | E10: =IF(Klantgegevens_B!G9<>"", Klantgegevens_B!G9, TEXTJOIN(",", TRUE, REPT("Volwassene,", Klantgegevens_A!G9), REPT("Kind,", Klantgegevens_A!H9))) -> 140.42 | F10: =IF(Klantgegevens_B!G9<>"", LEN(Klantgegevens_B!G9)-LEN(SUBSTITUTE(Klantgegevens_B!G9, ",", ""))+1, Klantgegevens_A!G9) -> 1 | G10: =IF(Klantgegevens_B!G9<>"", 0, Klantgegevens_A!H9) -> 0 | H10: =IF(Klantgegevens_B!H9<>"", Klantgegevens_B!H9, Klantgegevens_A!I9) -> 6 | I10: =IF(Klantgegevens_B!I9<>"", Klantgegevens_B!I9, SWITCH(Klantgegevens_A!J9, "Zelden", 1, "Af en toe", 4, "Regelmatig", 8, "Vaak", 12)) -> Cash | J10: =IF(Klantgegevens_B!J9<>"", Klantgegevens_B!J9, Klantgegevens_A!K9) -> nee | K10: =IF(Klantgegevens_B!K9<>"", AVERAGE(--(Klantgegevens_B!K9="ja"), --(Klantgegevens_B!L9="ja"), --(Klantgegevens_B!M9="ja"), --(Klantgegevens_B!N9="ja"), --(Klantgegevens_B!O9="ja"))*10, Klantgegevens_A!L9) -> 2 | L10: =IF(Klantgegevens_B!K9<>"", Klantgegevens_B!K9, IF(Klantgegevens_A!L9>=7, "ja", "nee")) -> ja | M10: =IF(Klantgegevens_B!L9<>"", Klantgegevens_B!L9, IF(Klantgegevens_A!L9>=7, "ja", "nee")) -> nee | N10: =IF(Klantgegevens_B!M9<>"", Klantgegevens_B!M9, IF(Klantgegevens_A!L9>=7, "ja", "nee")) -> nee | O10: =IF(Klantgegevens_B!N9<>"", Klantgegevens_B!N9, IF(Klantgegevens_A!L9>=7, "ja", "nee")) -> nee | P10: =IF(Klantgegevens_B!O9<>"", Klantgegevens_B!O9, IF(Klantgegevens_A!L9>=7, "ja", "nee")) -> Geen dieet | Q10: =IF(Klantgegevens_B!P9<>"", Klantgegevens_B!P9, Klantgegevens_A!M9) -> Geen dieet | R10: =IF(Klantgegevens_B!A9<>"", "B", "A") -> B
A11: =IF(Klantgegevens_B!A10<>"", Klantgegevens_B!A10, MID(Klantgegevens_A!A10, FIND(",", Klantgegevens_A!A10)+2, LEN(Klantgegevens_A!A10))) -> Jozef | B11: =IF(Klantgegevens_B!B10<>"", Klantgegevens_B!B10, LEFT(Klantgegevens_A!A10, FIND(",", Klantgegevens_A!A10)-1)) -> Lemmens | C11: =C10 & ", " & B10 | D11: =IF(Klantgegevens_B!F10<>"", Klantgegevens_B!F10, Klantgegevens_A!D10 & " " & Klantgegevens_A!E10 & ", " & Klantgegevens_A!F10) -> Jozef,Jeff | E11: =IF(Klantgegevens_B!G10<>"", Klantgegevens_B!G10, TEXTJOIN(",", TRUE, REPT("Volwassene,", Klantgegevens_A!G10), REPT("Kind,", Klantgegevens_A!H10))) -> 113.21 | F11: =IF(Klantgegevens_B!G10<>"", LEN(Klantgegevens_B!G10)-LEN(SUBSTITUTE(Klantgegevens_B!G10, ",", ""))+1, Klantgegevens_A!G10) -> 1 | G11: =IF(Klantgegevens_B!G10<>"", 0, Klantgegevens_A!H10) -> 0 | H11: =IF(Klantgegevens_B!H10<>"", Klantgegevens_B!H10, Klantgegevens_A!I10) -> 11 | I11: =IF(Klantgegevens_B!I10<>"", Klantgegevens_B!I10, SWITCH(Klantgegevens_A!J10, "Zelden", 1, "Af en toe", 4, "Regelmatig", 8, "Vaak", 12)) -> Payconiq | J11: =IF(Klantgegevens_B!J10<>"", Klantgegevens_B!J10, Klantgegevens_A!K10) -> ja | K11: =IF(Klantgegevens_B!K10<>"", AVERAGE(--(Klantgegevens_B!K10="ja"), --(Klantgegevens_B!L10="ja"), --(Klantgegevens_B!M10="ja"), --(Klantgegevens_B!N10="ja"), --(Klantgegevens_B!O10="ja"))*10, Klantgegevens_A!L10) -> 6 | L11: =IF(Klantgegevens_B!K10<>"", Klantgegevens_B!K10, IF(Klantgegevens_A!L10>=7, "ja", "nee")) -> nee | M11: =IF(Klantgegevens_B!L10<>"", Klantgegevens_B!L10, IF(Klantgegevens_A!L10>=7, "ja", "nee")) -> ja | N11: =IF(Klantgegevens_B!M10<>"", Klantgegevens_B!M10, IF(Klantgegevens_A!L10>=7, "ja", "nee")) -> ja | O11: =IF(Klantgegevens_B!N10<>"", Klantgegevens_B!N10, IF(Klantgegevens_A!L10>=7, "ja", "nee")) -> ja | P11: =IF(Klantgegevens_B!O10<>"", Klantgegevens_B!O10, IF(Klantgegevens_A!L10>=7, "ja", "nee")) -> Geen dieet | Q11: =IF(Klantgegevens_B!P10<>"", Klantgegevens_B!P10, Klantgegevens_A!M10) -> Vegetarisch | R11: =IF(Klantgegevens_B!A10<>"", "B", "A") -> B
A12: =IF(Klantgegevens_B!A11<>"", Klantgegevens_B!A11, MID(Klantgegevens_A!A11, FIND(",", Klantgegevens_A!A11)+2, LEN(Klantgegevens_A!A11))) -> Jan | B12: =IF(Klantgegevens_B!B11<>"", Klantgegevens_B!B11, LEFT(Klantgegevens_A!A11, FIND(",", Klantgegevens_A!A11)-1)) -> Etienne | C12: =C11 & ", " & B11 | D12: =IF(Klantgegevens_B!F11<>"", Klantgegevens_B!F11, Klantgegevens_A!D11 & " " & Klantgegevens_A!E11 & ", " & Klantgegevens_A!F11) -> Jan,Hatice,Maria,Youssef | E12: =IF(Klantgegevens_B!G11<>"", Klantgegevens_B!G11, TEXTJOIN(",", TRUE, REPT("Volwassene,", Klantgegevens_A!G11), REPT("Kind,", Klantgegevens_A!H11))) -> 199.74 | F12: =IF(Klantgegevens_B!G11<>"", LEN(Klantgegevens_B!G11)-LEN(SUBSTITUTE(Klantgegevens_B!G11, ",", ""))+1, Klantgegevens_A!G11) -> 1 | G12: =IF(Klantgegevens_B!G11<>"", 0, Klantgegevens_A!H11) -> 0 | H12: =IF(Klantgegevens_B!H11<>"", Klantgegevens_B!H11, Klantgegevens_A!I11) -> 16 | I12: =IF(Klantgegevens_B!I11<>"", Klantgegevens_B!I11, SWITCH(Klantgegevens_A!J11, "Zelden", 1, "Af en toe", 4, "Regelmatig", 8, "Vaak", 12)) -> Bancontact | J12: =IF(Klantgegevens_B!J11<>"", Klantgegevens_B!J11, Klantgegevens_A!K11) -> ja | K12: =IF(Klantgegevens_B!K11<>"", AVERAGE(--(Klantgegevens_B!K11="ja"), --(Klantgegevens_B!L11="ja"), --(Klantgegevens_B!M11="ja"), --(Klantgegevens_B!N11="ja"), --(Klantgegevens_B!O11="ja"))*10, Klantgegevens_A!L11) -> 8 | L12: =IF(Klantgegevens_B!K11<>"", Klantgegevens_B!K11, IF(Klantgegevens_A!L11>=7, "ja", "nee")) -> ja | M12: =IF(Klantgegevens_B!L11<>"", Klantgegevens_B!L11, IF(Klantgegevens_A!L11>=7, "ja", "nee")) -> ja | N12: =IF(Klantgegevens_B!M11<>"", Klantgegevens_B!M11, IF(Klantgegevens_A!L11>=7, "ja", "nee")) -> ja | O12: =IF(Klantgegevens_B!N11<>"", Klantgegevens_B!N11, IF(Klantgegevens_A!L11>=7, "ja", "nee")) -> ja | P12: =IF(Klantgegevens_B!O11<>"", Klantgegevens_B!O11, IF(Klantgegevens_A!L11>=7, "ja", "nee")) -> Geen dieet | Q12: =IF(Klantgegevens_B!P11<>"", Klantgegevens_B!P11, Klantgegevens_A!M11) -> Geen dieet | R12: =IF(Klantgegevens_B!A11<>"", "B", "A") -> B
A13: =IF(Klantgegevens_B!A12<>"", Klantgegevens_B!A12, MID(Klantgegevens_A!A12, FIND(",", Klantgegevens_A!A12)+2, LEN(Klantgegevens_A!A12))) -> Tony | B13: =IF(Klantgegevens_B!B12<>"", Klantgegevens_B!B12, LEFT(Klantgegevens_A!A12, FIND(",", Klantgegevens_A!A12)-1)) -> Lecomte | C13: =C12 & ", " & B12 | D13: =IF(Klantgegevens_B!F12<>"", Klantgegevens_B!F12, Klantgegevens_A!D12 & " " & Klantgegevens_A!E12 & ", " & Klantgegevens_A!F12) -> Tony,Abdelatif,Vittorio,Boudewijn | E13: =IF(Klantgegevens_B!G12<>"", Klantgegevens_B!G12, TEXTJOIN(",", TRUE, REPT("Volwassene,", Klantgegevens_A!G12), REPT("Kind,", Klantgegevens_A!H12))) -> 49.87 | F13: =IF(Klantgegevens_B!G12<>"", LEN(Klantgegevens_B!G12)-LEN(SUBSTITUTE(Klantgegevens_B!G12, ",", ""))+1, Klantgegevens_A!G12) -> 1 | G13: =IF(Klantgegevens_B!G12<>"", 0, Klantgegevens_A!H12) -> 0 | H13: =IF(Klantgegevens_B!H12<>"", Klantgegevens_B!H12, Klantgegevens_A!I12) -> 11 | I13: =IF(Klantgegevens_B!I12<>"", Klantgegevens_B!I12, SWITCH(Klantgegevens_A!J12, "Zelden", 1, "Af en toe", 4, "Regelmatig", 8, "Vaak", 12)) -> Payconiq | J13: =IF(Klantgegevens_B!J12<>"", Klantgegevens_B!J12, Klantgegevens_A!K12) -> ja | K13: =IF(Klantgegevens_B!K12<>"", AVERAGE(--(Klantgegevens_B!K12="ja"), --(Klantgegevens_B!L12="ja"), --(Klantgegevens_B!M12="ja"), --(Klantgegevens_B!N12="ja"), --(Klantgegevens_B!O12="ja"))*10, Klantgegevens_A!L12) -> 6 | L13: =IF(Klantgegevens_B!K12<>"", Klantgegevens_B!K12, IF(Klantgegevens_A!L12>=7, "ja", "nee")) -> ja | M13: =IF(Klantgegevens_B!L12<>"", Klantgegevens_B!L12, IF(Klantgegevens_A!L12>=7, "ja", "nee")) -> ja | N13: =IF(Klantgegevens_B!M12<>"", Klantgegevens_B!M12, IF(Klantgegevens_A!L12>=7, "ja", "nee")) -> ja | O13: =IF(Klantgegevens_B!N12<>"", Klantgegevens_B!N12, IF(Klantgegevens_A!L12>=7, "ja", "nee")) -> nee | P13: =IF(Klantgegevens_B!O12<>"", Klantgegevens_B!O12, IF(Klantgegevens_A!L12>=7, "ja", "nee")) -> Geen dieet | Q13: =IF(Klantgegevens_B!P12<>"", Klantgegevens_B!P12, Klantgegevens_A!M12) -> Geen dieet | R13: =IF(Klantgegevens_B!A12<>"", "B", "A") -> B
A14: =IF(Klantgegevens_B!A13<>"", Klantgegevens_B!A13, MID(Klantgegevens_A!A13, FIND(",", Klantgegevens_A!A13)+2, LEN(Klantgegevens_A!A13))) -> Ruth | B14: =IF(Klantgegevens_B!B13<>"", Klantgegevens_B!B13, LEFT(Klantgegevens_A!A13, FIND(",", Klantgegevens_A!A13)-1)) -> De bruyn | C14: =C13 & ", " & B13 | D14: =IF(Klantgegevens_B!F13<>"", Klantgegevens_B!F13, Klantgegevens_A!D13 & " " & Klantgegevens_A!E13 & ", " & Klantgegevens_A!F13) -> Ruth,Brigitte | E14: =IF(Klantgegevens_B!G13<>"", Klantgegevens_B!G13, TEXTJOIN(",", TRUE, REPT("Volwassene,", Klantgegevens_A!G13), REPT("Kind,", Klantgegevens_A!H13))) -> 128.28 | F14: =IF(Klantgegevens_B!G13<>"", LEN(Klantgegevens_B!G13)-LEN(SUBSTITUTE(Klantgegevens_B!G13, ",", ""))+1, Klantgegevens_A!G13) -> 1 | G14: =IF(Klantgegevens_B!G13<>"", 0, Klantgegevens_A!H13) -> 0 | H14: =IF(Klantgegevens_B!H13<>"", Klantgegevens_B!H13, Klantgegevens_A!I13) -> 6 | I14: =IF(Klantgegevens_B!I13<>"", Klantgegevens_B!I13, SWITCH(Klantgegevens_A!J13, "Zelden", 1, "Af en toe", 4, "Regelmatig", 8, "Vaak", 12)) -> Bancontact | J14: =IF(Klantgegevens_B!J13<>"", Klantgegevens_B!J13, Klantgegevens_A!K13) -> nee | K14: =IF(Klantgegevens_B!K13<>"", AVERAGE(--(Klantgegevens_B!K13="ja"), --(Klantgegevens_B!L13="ja"), --(Klantgegevens_B!M13="ja"), --(Klantgegevens_B!N13="ja"), --(Klantgegevens_B!O13="ja"))*10, Klantgegevens_A!L13) -> 4 | L14: =IF(Klantgegevens_B!K13<>"", Klantgegevens_B!K13, IF(Klantgegevens_A!L13>=7, "ja", "nee")) -> nee | M14: =IF(Klantgegevens_B!L13<>"", Klantgegevens_B!L13, IF(Klantgegevens_A!L13>=7, "ja", "nee")) -> ja | N14: =IF(Klantgegevens_B!M13<>"", Klantgegevens_B!M13, IF(Klantgegevens_A!L13>=7, "ja", "nee")) -> nee | O14: =IF(Klantgegevens_B!N13<>"", Klantgegevens_B!N13, IF(Klantgegevens_A!L13>=7, "ja", "nee")) -> ja | P14: =IF(Klantgegevens_B!O13<>"", Klantgegevens_B!O13, IF(Klantgegevens_A!L13>=7, "ja", "nee")) -> Vegetarisch | Q14: =IF(Klantgegevens_B!P13<>"", Klantgegevens_B!P13, Klantgegevens_A!M13) -> Geen dieet | R14: =IF(Klantgegevens_B!A13<>"", "B", "A") -> B
... A700: =IF(Klantgegevens_B!A699<>"", Klantgegevens_B!A699, MID(Klantgegevens_A!A699, FIND(",", Klantgegevens_A!A699)+2, LEN(Klantgegevens_A!A699))) -> Luc | B700: =IF(Klantgegevens_B!B699<>"", Klantgegevens_B!B699, LEFT(Klantgegevens_A!A699, FIND(",", Klantgegevens_A!A699)-1)) -> Adam | C700: =C699 & ", " & B699 | D700: =IF(Klantgegevens_B!F699<>"", Klantgegevens_B!F699, Klantgegevens_A!D699 & " " & Klantgegevens_A!E699 & ", " & Klantgegevens_A!F699) -> Luc,Larissa,Sylvie,Jozef | E700: =IF(Klantgegevens_B!G699<>"", Klantgegevens_B!G699, TEXTJOIN(",", TRUE, REPT("Volwassene,", Klantgegevens_A!G699), REPT("Kind,", Klantgegevens_A!H699))) -> 162.25 | F700: =IF(Klantgegevens_B!G699<>"", LEN(Klantgegevens_B!G699)-LEN(SUBSTITUTE(Klantgegevens_B!G699, ",", ""))+1, Klantgegevens_A!G699) -> 1 | G700: =IF(Klantgegevens_B!G699<>"", 0, Klantgegevens_A!H699) -> 0 | H700: =IF(Klantgegevens_B!H699<>"", Klantgegevens_B!H699, Klantgegevens_A!I699) -> 19 | I700: =IF(Klantgegevens_B!I699<>"", Klantgegevens_B!I699, SWITCH(Klantgegevens_A!J699, "Zelden", 1, "Af en toe", 4, "Regelmatig", 8, "Vaak", 12)) -> Payconiq | J700: =IF(Klantgegevens_B!J699<>"", Klantgegevens_B!J699, Klantgegevens_A!K699) -> ja | K700: =IF(Klantgegevens_B!K699<>"", AVERAGE(--(Klantgegevens_B!K699="ja"), --(Klantgegevens_B!L699="ja"), --(Klantgegevens_B!M699="ja"), --(Klantgegevens_B!N699="ja"), --(Klantgegevens_B!O699="ja"))*10, Klantgegevens_A!L699) -> 6 | L700: =IF(Klantgegevens_B!K699<>"", Klantgegevens_B!K699, IF(Klantgegevens_A!L699>=7, "ja", "nee")) -> ja | M700: =IF(Klantgegevens_B!L699<>"", Klantgegevens_B!L699, IF(Klantgegevens_A!L699>=7, "ja", "nee")) -> nee | N700: =IF(Klantgegevens_B!M699<>"", Klantgegevens_B!M699, IF(Klantgegevens_A!L699>=7, "ja", "nee")) -> ja | O700: =IF(Klantgegevens_B!N699<>"", Klantgegevens_B!N699, IF(Klantgegevens_A!L699>=7, "ja", "nee")) -> ja | P700: =IF(Klantgegevens_B!O699<>"", Klantgegevens_B!O699, IF(Klantgegevens_A!L699>=7, "ja", "nee")) -> Veganistisch | Q700: =IF(Klantgegevens_B!P699<>"", Klantgegevens_B!P699, Klantgegevens_A!M699) -> 0 | R700: =IF(Klantgegevens_B!A699<>"", "B", "A") -> B

Sheet Analysis_Pivot
A1: Use Excel UI to insert PivotTables from 'Merged_With_Formulas'
A2: Suggested: Avg satisfaction by visit frequency, total spending by gezinsleden

Sheet Pivot_Analysis
A1: Bezoeken per maand | B1: Gemiddelde Tevredenheid | C1: Totaal Wekelijkse Uitgaven | D1: Aantal Huishoudens
A2: Zelden | B2: 6.5 | C2: 180 | D2: 25
A3: Af en toe | B3: 7.2 | C3: 320 | D3: 40
A4: Regelmatig | B4: 7.8 | C4: 550 | D4: 65
A5: Vaak | B5: 8.1 | C5: 710 | D5: 80
A7: ⬆️ Dit is een voorbeeld van een draaitabeloverzicht die je in Excel kunt visualiseren.
A8: Gebruik deze structuur om een draaitabel en grafiek te maken (bijv. staafdiagram of lijndiagram).
